train_label,train_precision,train_recall,train_f1-score,train_support,valid_precision,valid_recall,valid_f1-score,valid_support,test_precision,test_recall,test_f1-score,test_support
0.0,0.0,0.0,0.0,0,0.0,0.0,0.0,0,0.0,0.0,0.0,0
1.0,0.0,0.0,0.0,0,0.0,0.0,0.0,0,0.0,0.0,0.0,0
2.0,0.0,0.0,0.0,0,0.0,0.0,0.0,0,0.0,0.0,0.0,0
3.0,0.002188183807439825,0.25,0.0043383947939262466,8,0.00980392156862745,0.25,0.018867924528301886,4,0.02654867256637168,0.6,0.05084745762711864,5
4.0,0.9973333333333333,0.42540284360189573,0.5964119601328903,5275,0.996,0.4263698630136986,0.5971223021582734,584,0.9928057553956835,0.42592592592592593,0.5961123110151187,648
5.0,0.0,0.0,0.0,0,0.0,0.0,0.0,0,0.0,0.0,0.0,0
6.0,0.0,0.0,0.0,3,0.0,0.0,0.0,0,0.0,0.0,0.0,0
macro avg,0.14278878816296758,0.09648612051455653,0.08582147927525952,5286,0.14368627450980392,0.09662426614481409,0.0879986038123679,588,0.14562206113743645,0.14656084656084656,0.09242282409174819,653
weighted avg,0.9952612256533849,0.4248959515701854,0.5951774114376368,5286,0.9892911831399226,0.42517006802721086,0.59318859890909,588,0.985407155986577,0.42725880551301687,0.5919372355680437,653
0.0,0.1810344827586207,0.4214046822742475,0.25326633165829143,299,0.23376623376623376,0.391304347826087,0.2926829268292683,46,0.2441860465116279,0.3333333333333333,0.2818791946308725,63
1.0,0.0,0.0,0.0,0,0.0,0.0,0.0,0,0.0,0.0,0.0,0
2.0,0.0,0.0,0.0,0,0.0,0.0,0.0,0,0.0,0.0,0.0,0
3.0,0.037199124726477024,0.37362637362637363,0.06766169154228856,91,0.10784313725490197,0.2558139534883721,0.15172413793103448,43,0.168141592920354,0.40425531914893614,0.23750000000000004,47
4.0,0.9524444444444444,0.43770424836601307,0.5997760985166527,4896,0.876,0.43887775551102204,0.5847797062750334,499,0.8776978417266187,0.44935543278084716,0.5943970767356882,543
5.0,0.0,0.0,0.0,0,0.0,0.0,0.0,0,0.0,0.0,0.0,0
6.0,0.0,0.0,0.0,0,0.0,0.0,0.0,0,0.0,0.0,0.0,0
macro avg,0.1672397217042203,0.176105043466662,0.13152916024531897,5286,0.17394419586016224,0.15514229383221156,0.1470266815764766,588,0.18428935445122865,0.1695634407518738,0.1591108959095087,653
weighted avg,0.8930538083039986,0.4356791524782444,0.5710154418149279,5286,0.7695824858081761,0.4217687074829932,0.5302595680211267,588,0.7655073565927154,0.4349157733537519,0.5385581959099902,653
0.0,0.5158045977011494,0.4544303797468354,0.4831763122476446,790,0.4805194805194805,0.2868217054263566,0.3592233009708738,129,0.47674418604651164,0.2469879518072289,0.32539682539682535,166
1.0,0.0,0.0,0.0,0,0.0,0.0,0.0,0,0.0,0.0,0.0,0
2.0,0.005050505050505051,0.14285714285714285,0.00975609756097561,14,0.022727272727272728,0.3333333333333333,0.04255319148936171,3,0.02040816326530612,0.3333333333333333,0.03846153846153846,3
3.0,0.2286652078774617,0.5238095238095238,0.31835491241431835,399,0.28431372549019607,0.26605504587155965,0.27488151658767773,109,0.23008849557522124,0.2736842105263158,0.25,95
4.0,0.9013333333333333,0.49901574803149606,0.6423820082356667,4064,0.652,0.4808259587020649,0.5534804753820034,339,0.658273381294964,0.4753246753246753,0.5520361990950227,385
5.0,0.015,0.3333333333333333,0.028708133971291863,18,0.044444444444444446,0.3333333333333333,0.0784313725490196,6,0.0,0.0,0.0,2
6.0,0.001949317738791423,1.0,0.003891050583657587,1,0.017543859649122806,0.5,0.033898305084745756,2,0.0,0.0,0.0,2
macro avg,0.23825756595732012,0.4219208753969045,0.21232407357336497,5286,0.2145069689757881,0.31433848238094964,0.19178116600909742,588,0.19793060374028615,0.1899043101416505,0.16655636613619804,653
weighted avg,0.7873788068827334,0.4928111993946273,0.5902441545642494,5286,0.5346516076013453,0.39625850340136054,0.4499962869179089,588,0.5428704720547075,0.38437978560490044,0.4447399606169087,653
0.0,0.6623563218390804,0.5494636471990465,0.6006514657980456,839,0.2077922077922078,0.2711864406779661,0.23529411764705882,59,0.2558139534883721,0.2894736842105263,0.2716049382716049,76
1.0,0.0,0.0,0.0,0,0.0,0.0,0.0,0,0.0,0.0,0.0,0
2.0,0.06060606060606061,0.34285714285714286,0.10300429184549356,70,0.022727272727272728,0.09090909090909091,0.03636363636363636,11,0.02040816326530612,0.16666666666666666,0.03636363636363636,6
3.0,0.44091903719912473,0.5979228486646885,0.5075566750629724,674,0.11764705882352941,0.21052631578947367,0.1509433962264151,57,0.1592920353982301,0.43902439024390244,0.23376623376623376,41
4.0,0.8755555555555555,0.5830127256584788,0.6999467045656422,3379,0.788,0.45080091533180777,0.5735080058224163,437,0.8453237410071942,0.4662698412698413,0.6010230179028133,504
5.0,0.2675,0.36769759450171824,0.3096960926193922,291,0.13333333333333333,0.3157894736842105,0.18750000000000003,19,0.08163265306122448,0.19047619047619047,0.11428571428571428,21
6.0,0.031189083820662766,0.48484848484848486,0.0586080586080586,33,0.017543859649122806,0.2,0.03225806451612903,5,0.015625,0.2,0.028985507246376812,5
macro avg,0.3340180084314977,0.4179717776756514,0.3256376126428006,5286,0.18386339033220947,0.2198874623417927,0.17369531722509368,588,0.1968707923171896,0.25027296755244677,0.18371843540519706,653
weighted avg,0.7367598886352492,0.563942489595157,0.6262628874082109,5286,0.6227766585786741,0.39625850340136054,0.47148454998819517,588,0.6951467979754168,0.43032159264931086,0.5144029115933985,653
0.0,0.7600574712643678,0.6522811344019729,0.7020570670205707,811,0.2597402597402597,0.2702702702702703,0.26490066225165565,74,0.29069767441860467,0.2631578947368421,0.27624309392265195,95
1.0,0.0,0.0,0.0,0,0.0,0.0,0.0,0,0.0,0.0,0.0,0
2.0,0.18686868686868688,0.4157303370786517,0.25783972125435545,178,0.0,0.0,0.0,14,0.04081632653061224,0.16666666666666666,0.06557377049180327,12
3.0,0.6258205689277899,0.6916565900846433,0.6570936243538197,827,0.19607843137254902,0.21505376344086022,0.20512820512820512,93,0.22123893805309736,0.3333333333333333,0.26595744680851063,75
4.0,0.8977777777777778,0.6859083191850595,0.7776708373435997,2945,0.624,0.484472049689441,0.5454545454545455,322,0.6510791366906474,0.48525469168900803,0.5560675883256527,373
5.0,0.4475,0.47229551451187335,0.4595635430038511,379,0.13333333333333333,0.15384615384615385,0.14285714285714288,39,0.14285714285714285,0.1206896551724138,0.1308411214953271,58
6.0,0.13060428849902533,0.4589041095890411,0.20333839150227617,146,0.10526315789473684,0.13043478260869565,0.11650485436893204,46,0.015625,0.025,0.019230769230769232,40
macro avg,0.4355183990482354,0.48239657212160597,0.4367947406397818,5286,0.18834502604869696,0.17915385997934585,0.18212077286578301,588,0.1946163169357292,0.19915746308546625,0.187701970039245,653
weighted avg,0.7566873113200386,0.6509648127128264,0.6910296600477223,5286,0.4224935010231023,0.35374149659863946,0.38307242787807605,588,0.4540003485657624,0.36906584992343033,0.40237061859206746,653
0.0,0.8117816091954023,0.738562091503268,0.7734428473648186,765,0.2857142857142857,0.3188405797101449,0.3013698630136986,69,0.3023255813953488,0.2653061224489796,0.28260869565217395,98
1.0,0.008547008547008548,1.0,0.016949152542372885,1,0.0,0.0,0.0,0,0.0,0.0,0.0,0
2.0,0.3484848484848485,0.5328185328185329,0.42137404580152676,259,0.09090909090909091,0.11764705882352941,0.10256410256410256,34,0.14285714285714285,0.20588235294117646,0.1686746987951807,34
3.0,0.7330415754923414,0.771889400921659,0.7519640852974188,868,0.22549019607843138,0.20535714285714285,0.21495327102803738,112,0.26548672566371684,0.30303030303030304,0.28301886792452835,99
4.0,0.9173333333333333,0.7661469933184856,0.8349514563106797,2694,0.552,0.47586206896551725,0.5111111111111111,290,0.5719424460431655,0.496875,0.5317725752508361,320
5.0,0.5775,0.5238095238095238,0.549346016646849,441,0.15555555555555556,0.17073170731707318,0.1627906976744186,41,0.14285714285714285,0.1320754716981132,0.1372549019607843,53
6.0,0.30994152046783624,0.6162790697674418,0.4124513618677043,258,0.07017543859649122,0.09523809523809523,0.08080808080808081,42,0.078125,0.10204081632653061,0.08849557522123894,49
macro avg,0.5295185565029672,0.7070722303055589,0.5372112808330528,5286,0.19712065240769353,0.19766809327307186,0.19622816088563558,588,0.21479914840235953,0.21503000949215753,0.21311790211496318,653
weighted avg,0.7857543612577863,0.7241770715096482,0.7475548050116313,5286,0.369838848579608,0.336734693877551,0.35144055546101644,588,0.3907953629093974,0.35834609494640124,0.3724769937634109,653
0.0,0.8649425287356322,0.806970509383378,0.8349514563106796,746,0.24675324675324675,0.3392857142857143,0.28571428571428575,56,0.22093023255813954,0.2638888888888889,0.24050632911392406,72
1.0,0.02564102564102564,0.75,0.049586776859504134,4,0.0,0.0,0.0,0,0.0,0.0,0.0,0
2.0,0.49747474747474746,0.6042944785276073,0.5457063711911357,326,0.11363636363636363,0.13157894736842105,0.12195121951219512,38,0.16326530612244897,0.16326530612244897,0.16326530612244897,49
3.0,0.7954048140043763,0.8223981900452488,0.8086763070077864,884,0.19607843137254902,0.19801980198019803,0.19704433497536944,101,0.2920353982300885,0.308411214953271,0.30000000000000004,107
4.0,0.9266666666666666,0.8147713950762017,0.8671241422333126,2559,0.536,0.4785714285714286,0.5056603773584906,280,0.5359712230215827,0.4983277591973244,0.5164644714038128,299
5.0,0.64,0.6384039900249376,0.6392009987515606,401,0.17777777777777778,0.1951219512195122,0.18604651162790697,41,0.16326530612244897,0.14545454545454545,0.15384615384615383,55
6.0,0.4697855750487329,0.6584699453551912,0.5483503981797497,366,0.14035087719298245,0.1111111111111111,0.12403100775193798,72,0.09375,0.08450704225352113,0.08888888888888889,71
macro avg,0.6028450510815972,0.7279012154875092,0.6133709215048183,5286,0.2015138138189885,0.20766985064805504,0.2029211052771694,588,0.20988820943638697,0.20912210812428572,0.2089958784821755,653
weighted avg,0.815472159338596,0.7777147181233447,0.7930058252225897,5286,0.3493442810404332,0.3299319727891156,0.3378888934850966,588,0.3538223612174478,0.34150076569678406,0.3470321320345974,653
0.0,0.8850574712643678,0.8473177441540578,0.8657765284609981,727,0.2857142857142857,0.3384615384615385,0.3098591549295775,65,0.26744186046511625,0.25842696629213485,0.26285714285714284,89
1.0,0.1282051282051282,1.0,0.22727272727272727,15,0.0,0.0,0.0,2,0.0,0.0,0.0,0
2.0,0.5984848484848485,0.6790830945558739,0.6362416107382551,349,0.09090909090909091,0.08163265306122448,0.08602150537634408,49,0.1836734693877551,0.16981132075471697,0.1764705882352941,53
3.0,0.8544857768052516,0.881489841986456,0.8677777777777779,886,0.22549019607843138,0.20353982300884957,0.21395348837209305,113,0.25663716814159293,0.25,0.2532751091703057,116
4.0,0.9386666666666666,0.8585365853658536,0.8968152866242038,2460,0.5,0.4789272030651341,0.4892367906066536,261,0.5,0.4633333333333333,0.4809688581314879,300
5.0,0.705,0.6619718309859155,0.6828087167070217,426,0.2,0.1875,0.19354838709677422,48,0.16326530612244897,0.15384615384615385,0.15841584158415842,52
6.0,0.5886939571150097,0.7139479905437353,0.6452991452991452,423,0.08771929824561403,0.1,0.09345794392523364,50,0.0625,0.09302325581395349,0.07476635514018691,43
macro avg,0.6712276926487533,0.8060495839416989,0.6888559704114469,5286,0.19854755299248886,0.19858017394239239,0.19801103861523942,588,0.2047882577309876,0.19834871857718464,0.20096484215979654,653
weighted avg,0.8455870247375306,0.8219825955353764,0.8312016112813602,5286,0.32821825016176437,0.3197278911564626,0.3234467094305329,588,0.3437737011971493,0.32465543644716693,0.333645289475287,653
0.0,0.8979885057471264,0.8992805755395683,0.8986340762041696,695,0.2857142857142857,0.34375,0.3120567375886525,64,0.23255813953488372,0.25316455696202533,0.24242424242424246,79
1.0,0.23931623931623933,0.9032258064516129,0.37837837837837845,31,0.07692307692307693,0.25,0.11764705882352941,4,0.07142857142857142,1.0,0.13333333333333333,1
2.0,0.6893939393939394,0.7418478260869565,0.7146596858638744,368,0.09090909090909091,0.09090909090909091,0.09090909090909091,44,0.24489795918367346,0.22641509433962265,0.23529411764705882,53
3.0,0.8927789934354485,0.8957189901207464,0.8942465753424658,911,0.23529411764705882,0.22641509433962265,0.23076923076923075,106,0.25663716814159293,0.24369747899159663,0.25,119
4.0,0.9515555555555556,0.8969417679095099,0.9234418805262024,2387,0.488,0.4765625,0.48221343873517786,256,0.4748201438848921,0.4731182795698925,0.473967684021544,279
5.0,0.8,0.7494145199063232,0.7738814993954051,427,0.2,0.21951219512195122,0.20930232558139536,41,0.16326530612244897,0.1568627450980392,0.16,51
6.0,0.7115009746588694,0.7815845824411135,0.7448979591836735,467,0.10526315789473684,0.0821917808219178,0.09230769230769231,73,0.15625,0.14084507042253522,0.14814814814814814,71
macro avg,0.740362029729597,0.8382877240651186,0.7611628649848814,5286,0.21172910415546417,0.24133438017036893,0.21931508210210987,588,0.22855104118515177,0.3563004607691016,0.23473821793918953,653
weighted avg,0.8785042591574957,0.8641695043511162,0.8695619226680247,5286,0.3203176761739976,0.3197278911564626,0.31916710052042624,588,0.3275008226591094,0.32465543644716693,0.32530005984788957,653
0.0,0.9137931034482759,0.9034090909090909,0.9085714285714287,704,0.2857142857142857,0.3235294117647059,0.30344827586206896,68,0.2441860465116279,0.23863636363636365,0.2413793103448276,88
1.0,0.37606837606837606,0.8627450980392157,0.5238095238095238,51,0.07692307692307693,0.25,0.11764705882352941,4,0.07142857142857142,1.0,0.13333333333333333,1
2.0,0.7702020202020202,0.8090185676392573,0.7891332470892626,377,0.13636363636363635,0.09836065573770492,0.11428571428571428,61,0.22448979591836735,0.16417910447761194,0.18965517241379312,67
3.0,0.9168490153172867,0.9049676025917927,0.9108695652173914,926,0.1568627450980392,0.24615384615384617,0.19161676646706588,65,0.18584070796460178,0.2916666666666667,0.22702702702702704,72
4.0,0.9537777777777777,0.9206349206349206,0.9369133376991923,2331,0.544,0.4927536231884058,0.5171102661596959,276,0.5215827338129496,0.48013245033112584,0.5,302
5.0,0.8475,0.7976470588235294,0.8218181818181818,425,0.2222222222222222,0.18867924528301888,0.20408163265306123,53,0.16326530612244897,0.11594202898550725,0.13559322033898305,69
6.0,0.7660818713450293,0.8326271186440678,0.797969543147208,472,0.12280701754385964,0.11475409836065574,0.11864406779661016,61,0.09375,0.1111111111111111,0.10169491525423728,54
macro avg,0.7920388805941094,0.8615784938974106,0.8127264039074555,5286,0.22069899769501714,0.24489012578404817,0.22383339743539224,588,0.21493473739408103,0.34309538931548383,0.21838328267317167,653
weighted avg,0.8980121689523073,0.8893303064699205,0.8923905343903811,5286,0.35316926842478114,0.336734693877551,0.3423599277414697,588,0.3427671358321494,0.32618683001531396,0.33120216350454346,653
0.0,0.9295977011494253,0.9125528913963329,0.9209964412811388,709,0.3116883116883117,0.32,0.31578947368421056,75,0.26744186046511625,0.24468085106382978,0.25555555555555554,94
1.0,0.5042735042735043,0.8939393939393939,0.6448087431693988,66,0.07692307692307693,0.2,0.1111111111111111,5,0.07142857142857142,0.5,0.125,2
2.0,0.7954545454545454,0.84,0.8171206225680934,375,0.11363636363636363,0.08064516129032258,0.09433962264150943,62,0.22448979591836735,0.16666666666666666,0.19130434782608696,66
3.0,0.9146608315098468,0.9237569060773481,0.9191863661352392,905,0.18627450980392157,0.2289156626506024,0.20540540540540542,83,0.20353982300884957,0.2839506172839506,0.23711340206185566,81
4.0,0.9577777777777777,0.924892703862661,0.9410480349344978,2330,0.428,0.4885844748858447,0.4562899786780384,219,0.4352517985611511,0.484,0.4583333333333333,250
5.0,0.845,0.8535353535353535,0.8492462311557788,396,0.24444444444444444,0.2,0.22000000000000003,55,0.20408163265306123,0.13157894736842105,0.16,76
6.0,0.8401559454191033,0.8534653465346534,0.8467583497053046,505,0.19298245614035087,0.12359550561797752,0.1506849315068493,89,0.15625,0.11904761904761904,0.13513513513513511,84
macro avg,0.8267029007977432,0.8860203707636777,0.8484521127070644,5286,0.22199273751949558,0.2345344006349639,0.22194578900387488,588,0.22321192600501671,0.27570352877578386,0.2232059677017095,653
weighted avg,0.9097524220805389,0.904464623533863,0.9062399062181575,5286,0.29016898071658925,0.30272108843537415,0.2934964890627441,588,0.29714180389406974,0.30474732006125577,0.29739537431920204,653
0.0,0.9353448275862069,0.9260312944523471,0.9306647605432452,703,0.2857142857142857,0.3384615384615385,0.3098591549295775,65,0.26744186046511625,0.25842696629213485,0.26285714285714284,89
1.0,0.6324786324786325,0.8409090909090909,0.7219512195121951,88,0.07692307692307693,0.2,0.1111111111111111,5,0.07142857142857142,0.5,0.125,2
2.0,0.8434343434343434,0.8906666666666667,0.8664072632944229,375,0.11363636363636363,0.09090909090909091,0.10101010101010102,55,0.24489795918367346,0.20689655172413793,0.22429906542056074,58
3.0,0.925601750547046,0.9337748344370861,0.9296703296703297,906,0.18627450980392157,0.1958762886597938,0.19095477386934676,97,0.25663716814159293,0.27358490566037735,0.2648401826484018,106
4.0,0.96,0.9375,0.9486166007905138,2304,0.52,0.4727272727272727,0.49523809523809526,275,0.5,0.47766323024054985,0.4885764499121265,291
5.0,0.8775,0.8931297709923665,0.8852459016393442,393,0.17777777777777778,0.3076923076923077,0.22535211267605634,26,0.12244897959183673,0.16216216216216217,0.1395348837209302,37
6.0,0.8732943469785575,0.8665377176015474,0.8699029126213592,517,0.08771929824561403,0.07692307692307693,0.0819672131147541,65,0.109375,0.1,0.10447761194029852,70
macro avg,0.8639505572892551,0.898364196437015,0.87892271258163,5286,0.20686361601443423,0.24036993933901152,0.21649893742129173,588,0.22460421983011297,0.28267625943990893,0.22994076235706581,653
weighted avg,0.9224894581200606,0.9201664774877034,0.9209661690856131,5286,0.33435144220274066,0.3231292517006803,0.3267892333662805,588,0.3415615106046131,0.332312404287902,0.3359550709453797,653
0.0,0.9482758620689655,0.9388335704125178,0.9435310936383132,703,0.2077922077922078,0.3404255319148936,0.25806451612903225,47,0.22093023255813954,0.2638888888888889,0.24050632911392406,72
1.0,0.7264957264957265,0.85,0.7834101382488479,100,0.07692307692307693,0.2,0.1111111111111111,5,0.07142857142857142,0.2,0.10526315789473682,5
2.0,0.8585858585858586,0.8970976253298153,0.8774193548387097,379,0.045454545454545456,0.058823529411764705,0.05128205128205128,34,0.16326530612244897,0.22857142857142856,0.19047619047619044,35
3.0,0.9157549234135668,0.9362416107382551,0.9258849557522125,894,0.20588235294117646,0.21212121212121213,0.20895522388059704,99,0.24778761061946902,0.2857142857142857,0.2654028436018957,98
4.0,0.9631111111111111,0.9417644502390266,0.952318171830367,2301,0.532,0.48717948717948717,0.5086042065009561,273,0.5251798561151079,0.48344370860927155,0.503448275862069,302
5.0,0.9025,0.9002493765586035,0.9013732833957553,401,0.2,0.225,0.21176470588235294,40,0.12244897959183673,0.11320754716981132,0.11764705882352941,53
6.0,0.884990253411306,0.8937007874015748,0.8893241919686581,508,0.12280701754385964,0.07777777777777778,0.09523809523809523,90,0.15625,0.11363636363636363,0.13157894736842105,88
macro avg,0.8856733907266479,0.9082696315256847,0.8961801699532662,5286,0.19869417152212374,0.22876107691501937,0.20643141571774226,588,0.21532722234793908,0.24120888894143566,0.22204611473439523,653
weighted avg,0.9290527168027686,0.9277336360196746,0.9281948445180512,5286,0.3339579731571897,0.32142857142857145,0.3248396426919602,588,0.34472542667910033,0.333843797856049,0.3374801494973072,653
0.0,0.9468390804597702,0.9468390804597702,0.9468390804597702,696,0.3116883116883117,0.34782608695652173,0.3287671232876712,69,0.23255813953488372,0.24096385542168675,0.2366863905325444,83
1.0,0.811965811965812,0.9047619047619048,0.8558558558558558,105,0.07692307692307693,0.125,0.09523809523809525,8,0.07142857142857142,0.09090909090909091,0.08,11
2.0,0.8787878787878788,0.9015544041450777,0.8900255754475703,386,0.1590909090909091,0.11864406779661017,0.13592233009708737,59,0.2857142857142857,0.1917808219178082,0.22950819672131148,73
3.0,0.9409190371991247,0.9513274336283186,0.9460946094609461,904,0.17647058823529413,0.21686746987951808,0.1945945945945946,83,0.21238938053097345,0.2962962962962963,0.24742268041237112,81
4.0,0.9715555555555555,0.9516760992599043,0.9615130855509126,2297,0.508,0.4828897338403042,0.49512670565302147,263,0.49280575539568344,0.48928571428571427,0.49103942652329746,280
5.0,0.9075,0.928388746803069,0.9178255372945638,391,0.24444444444444444,0.2682926829268293,0.2558139534883721,41,0.14285714285714285,0.109375,0.12389380530973451,64
6.0,0.9103313840155945,0.9211045364891519,0.9156862745098039,507,0.07017543859649122,0.06153846153846154,0.06557377049180328,65,0.078125,0.08196721311475409,0.08,61
macro avg,0.9096998211405337,0.9293788865067424,0.9191200026542033,5286,0.2209703955683611,0.231579786134035,0.22443379612152078,588,0.21655403935164866,0.2143682845636215,0.212650071357037,653
weighted avg,0.9425071819719179,0.9417328793038214,0.9419982118254661,5286,0.33051518080402265,0.32653061224489793,0.32752822424756584,588,0.3216582177655587,0.31852986217457885,0.3179487731310954,653
0.0,0.9482758620689655,0.9523809523809523,0.9503239740820735,693,0.2077922077922078,0.3333333333333333,0.256,48,0.23255813953488372,0.2597402597402597,0.24539877300613497,77
1.0,0.8205128205128205,0.8807339449541285,0.8495575221238938,109,0.07692307692307693,0.1111111111111111,0.09090909090909093,9,0.07142857142857142,0.125,0.09090909090909091,8
2.0,0.8939393939393939,0.9030612244897959,0.8984771573604061,392,0.11363636363636363,0.09803921568627451,0.10526315789473685,51,0.22448979591836735,0.19642857142857142,0.2095238095238095,56
3.0,0.9387308533916849,0.9522752497225305,0.9454545454545455,901,0.2549019607843137,0.23214285714285715,0.24299065420560748,112,0.3008849557522124,0.288135593220339,0.2943722943722944,118
4.0,0.9591111111111111,0.9565602836879432,0.9578339991122947,2256,0.508,0.47924528301886793,0.49320388349514566,265,0.5071942446043165,0.4812286689419795,0.49387040280210154,293
5.0,0.9325,0.9142156862745098,0.9232673267326732,408,0.17777777777777778,0.2857142857142857,0.2191780821917808,28,0.12244897959183673,0.15789473684210525,0.13793103448275865,38
6.0,0.9259259259259259,0.9013282732447818,0.9134615384615384,527,0.08771929824561403,0.06666666666666667,0.07575757575757576,75,0.09375,0.09523809523809523,0.09448818897637795,63
macro avg,0.916999423849986,0.9229365163935203,0.919768009046775,5286,0.20382152645133628,0.22946467895334233,0.21190034920770534,588,0.2218220981185983,0.22909513220162145,0.223784799153224,653
weighted avg,0.941163344837206,0.9409761634506243,0.9410129922746319,5286,0.32514886558814654,0.3197278911564626,0.3200805948150392,588,0.345668428115404,0.33537519142419603,0.3399546792570928,653
0.0,0.9468390804597702,0.9578488372093024,0.9523121387283238,688,0.2857142857142857,0.4230769230769231,0.34108527131782945,52,0.20930232558139536,0.2571428571428571,0.23076923076923075,70
1.0,0.8547008547008547,0.9259259259259259,0.8888888888888888,108,0.07692307692307693,0.14285714285714285,0.1,7,0.07142857142857142,0.125,0.09090909090909091,8
2.0,0.8964646464646465,0.9056122448979592,0.9010152284263959,392,0.045454545454545456,0.05555555555555555,0.049999999999999996,36,0.12244897959183673,0.17647058823529413,0.14457831325301204,34
3.0,0.9409190371991247,0.9440175631174533,0.9424657534246575,911,0.19607843137254902,0.20408163265306123,0.2,98,0.23893805309734514,0.2755102040816326,0.2559241706161137,98
4.0,0.9631111111111111,0.9554673721340388,0.9592740150509075,2268,0.552,0.4709897610921502,0.5082872928176796,293,0.5611510791366906,0.4875,0.5217391304347826,320
5.0,0.925,0.9113300492610837,0.9181141439205954,406,0.15555555555555556,0.2,0.17500000000000002,35,0.14285714285714285,0.12280701754385964,0.1320754716981132,57
6.0,0.9220272904483431,0.9220272904483431,0.9220272904483431,513,0.08771929824561403,0.07462686567164178,0.08064516129032258,67,0.09375,0.09090909090909091,0.0923076923076923,66
macro avg,0.9212945743405501,0.9317470404277294,0.926299636984016,5286,0.19992074189508954,0.22445541155806784,0.20785967506083308,588,0.20569659309899743,0.21933425113039062,0.20975758571257647,653
weighted avg,0.9430969284840254,0.9428679530836171,0.9429365930619216,5286,0.35596138049894294,0.33163265306122447,0.34063407603836543,588,0.3624816054186626,0.33843797856049007,0.3483223301230184,653
0.0,0.9583333333333334,0.9487908961593172,0.9535382416011436,703,0.2857142857142857,0.3333333333333333,0.30769230769230765,66,0.22093023255813954,0.2235294117647059,0.22222222222222224,85
1.0,0.8803418803418803,0.9196428571428571,0.8995633187772925,112,0.07692307692307693,0.5,0.13333333333333336,2,0.07142857142857142,0.25,0.11111111111111112,4
2.0,0.9166666666666666,0.9166666666666666,0.9166666666666666,396,0.06818181818181818,0.08823529411764706,0.07692307692307691,34,0.1836734693877551,0.21428571428571427,0.19780219780219782,42
3.0,0.9562363238512035,0.9448648648648649,0.9505165851005982,925,0.21568627450980393,0.22916666666666666,0.22222222222222224,96,0.23008849557522124,0.2857142857142857,0.2549019607843137,91
4.0,0.9631111111111111,0.9596988485385297,0.961401952085182,2258,0.52,0.47794117647058826,0.4980842911877395,272,0.5287769784172662,0.4867549668874172,0.5068965517241381,302
5.0,0.9225,0.9365482233502538,0.9294710327455918,394,0.2,0.2571428571428571,0.225,35,0.12244897959183673,0.12,0.12121212121212122,50
6.0,0.9142300194931774,0.9417670682730924,0.9277942631058359,498,0.08771929824561403,0.060240963855421686,0.07142857142857144,83,0.109375,0.08860759493670886,0.0979020979020979,79
macro avg,0.9302027621139104,0.9382827749993689,0.9341360085831872,5286,0.20774639336779982,0.2780086130837877,0.21924054325532158,588,0.20953167527982716,0.23841313908411887,0.21600689467974313,653
weighted avg,0.9484074275615737,0.9481649640559969,0.9482434836366866,5286,0.33631931111649316,0.32653061224489793,0.3296013189706012,588,0.3402310020312301,0.32924961715160794,0.3334069440856963,653
0.0,0.9655172413793104,0.9531914893617022,0.9593147751605996,705,0.2077922077922078,0.41025641025641024,0.2758620689655173,39,0.19767441860465115,0.30357142857142855,0.23943661971830985,56
1.0,0.8632478632478633,0.9181818181818182,0.8898678414096917,110,0.15384615384615385,0.1111111111111111,0.12903225806451615,18,0.07142857142857142,0.06666666666666667,0.0689655172413793,15
2.0,0.9040404040404041,0.9250645994832042,0.9144316730523627,387,0.11363636363636363,0.07142857142857142,0.08771929824561403,70,0.2857142857142857,0.16666666666666666,0.2105263157894737,84
3.0,0.949671772428884,0.9475982532751092,0.9486338797814208,916,0.23529411764705882,0.21818181818181817,0.22641509433962262,110,0.23893805309734514,0.27835051546391754,0.2571428571428572,97
4.0,0.968,0.9569420035149385,0.962439239946973,2276,0.536,0.48375451263537905,0.50853889943074,277,0.539568345323741,0.4854368932038835,0.5110732538330494,309
5.0,0.9325,0.9371859296482412,0.9348370927318297,398,0.17777777777777778,0.3333333333333333,0.23188405797101452,24,0.12244897959183673,0.16216216216216217,0.1395348837209302,37
6.0,0.9239766081871345,0.9595141700404858,0.9414101290963256,494,0.05263157894736842,0.06,0.05607476635514018,50,0.0625,0.07272727272727272,0.06722689075630252,55
macro avg,0.9295648413262281,0.9425254662150714,0.9358478044541718,5286,0.2109968856638472,0.24115225099237475,0.216503777624595,588,0.2168960933943473,0.21936880078028542,0.21341519117175745,653
weighted avg,0.9508432358082894,0.9504351116155884,0.9505617758597236,5286,0.3402725695287141,0.32653061224489793,0.32884599224616373,588,0.35836587766258104,0.33537519142419603,0.34280536945743073,653
0.0,0.9683908045977011,0.9628571428571429,0.9656160458452723,700,0.23376623376623376,0.3829787234042553,0.2903225806451613,47,0.20930232558139536,0.2608695652173913,0.23225806451612907,69
1.0,0.9230769230769231,0.907563025210084,0.9152542372881355,119,0.07692307692307693,0.125,0.09523809523809525,8,0.07142857142857142,0.16666666666666666,0.1,6
2.0,0.9292929292929293,0.9435897435897436,0.9363867684478372,390,0.13636363636363635,0.1016949152542373,0.11650485436893204,59,0.2653061224489796,0.2,0.2280701754385965,65
3.0,0.9529540481400438,0.94880174291939,0.9508733624454149,918,0.20588235294117646,0.23076923076923078,0.21761658031088082,91,0.19469026548672566,0.2682926829268293,0.22564102564102564,82
4.0,0.968,0.9628647214854111,0.9654255319148937,2262,0.524,0.48698884758364314,0.5048169556840078,269,0.5251798561151079,0.48344370860927155,0.503448275862069,302
5.0,0.915,0.9556135770234987,0.9348659003831418,383,0.2,0.23076923076923078,0.21428571428571427,39,0.12244897959183673,0.11764705882352941,0.12,51
6.0,0.935672514619883,0.933852140077821,0.9347614410905549,514,0.12280701754385964,0.09333333333333334,0.10606060606060606,75,0.109375,0.08974358974358974,0.09859154929577464,78
macro avg,0.9417696028182114,0.9450202990232989,0.9433118982021786,5286,0.21424890250542616,0.2359334687305615,0.22069219808477106,588,0.2139615886646595,0.22666618171246827,0.21542987010765643,653
weighted avg,0.9545880530071825,0.9544078698448732,0.9544556652492062,5286,0.3339280145940284,0.3282312925170068,0.32855682084859,588,0.33914302623082565,0.32618683001531396,0.3304815499434932,653
0.0,0.9583333333333334,0.9542203147353362,0.9562724014336919,699,0.24675324675324675,0.4318181818181818,0.3140495867768595,44,0.20930232558139536,0.2647058823529412,0.2337662337662338,68
1.0,0.905982905982906,0.9137931034482759,0.9098712446351932,116,0.07692307692307693,0.125,0.09523809523809525,8,0.0,0.0,0.0,4
2.0,0.9090909090909091,0.916030534351145,0.9125475285171103,393,0.11363636363636363,0.09259259259259259,0.10204081632653061,54,0.22448979591836735,0.1896551724137931,0.205607476635514,58
3.0,0.9562363238512035,0.9604395604395605,0.9583333333333334,910,0.18627450980392157,0.20212765957446807,0.19387755102040813,94,0.20353982300884957,0.27058823529411763,0.23232323232323232,85
4.0,0.9702222222222222,0.9646486964206805,0.9674274318635054,2263,0.532,0.4666666666666667,0.497196261682243,285,0.5611510791366906,0.49523809523809526,0.5261382799325462,315
5.0,0.93,0.9489795918367347,0.9393939393939393,392,0.17777777777777778,0.2962962962962963,0.2222222222222222,27,0.10204081632653061,0.11904761904761904,0.10989010989010989,42
6.0,0.9298245614035088,0.9298245614035088,0.9298245614035088,513,0.10526315789473684,0.07894736842105263,0.09022556390977443,76,0.109375,0.08641975308641975,0.09655172413793105,81
macro avg,0.9370986079834404,0.9411337660907488,0.9390957772257547,5286,0.20551830468416052,0.2419212521956083,0.2164071567394476,588,0.20141411999597622,0.20366496534756942,0.2006110080979382,653
weighted avg,0.9533843526220637,0.9532727960650775,0.9533153022266226,5286,0.3393515221606458,0.32482993197278914,0.3280150644459519,588,0.3590528797432224,0.33690658499234305,0.34569440235489673,653
0.0,0.9626436781609196,0.9557774607703281,0.9591982820329277,701,0.2727272727272727,0.38181818181818183,0.3181818181818182,55,0.23255813953488372,0.2597402597402597,0.24539877300613497,77
1.0,0.9230769230769231,0.907563025210084,0.9152542372881355,119,0.07692307692307693,0.2,0.1111111111111111,5,0.07142857142857142,0.3333333333333333,0.11764705882352941,3
2.0,0.9141414141414141,0.9329896907216495,0.9234693877551021,388,0.13636363636363635,0.10526315789473684,0.1188118811881188,57,0.22448979591836735,0.20754716981132076,0.21568627450980393,53
3.0,0.9463894967177243,0.9558011049723757,0.9510720175920836,905,0.18627450980392157,0.2235294117647059,0.20320855614973263,85,0.20353982300884957,0.27710843373493976,0.23469387755102042,83
4.0,0.9644444444444444,0.958904109589041,0.961666297363173,2263,0.572,0.4782608695652174,0.5209471766848817,299,0.5755395683453237,0.47477744807121663,0.5203252032520326,337
5.0,0.94,0.947103274559194,0.9435382685069009,397,0.17777777777777778,0.27586206896551724,0.2162162162162162,29,0.12244897959183673,0.13043478260869565,0.12631578947368421,46
6.0,0.9415204678362573,0.9415204678362573,0.9415204678362573,513,0.07017543859649122,0.06896551724137931,0.06956521739130435,58,0.078125,0.09259259259259259,0.0847457627118644,54
macro avg,0.9417452034825262,0.9428084476655615,0.942245565482083,5286,0.21317738745602524,0.24767131532139122,0.22257742527474042,588,0.21544712540397604,0.25364771712747974,0.22068753418972428,653
weighted avg,0.9524302900550786,0.9523269012485811,0.9523600211582078,5286,0.3728646377292994,0.3435374149659864,0.3540286033397128,588,0.38395293192263147,0.3460949464012251,0.3612496203397587,653
0.0,0.9727011494252874,0.9657631954350927,0.9692197566213315,701,0.24675324675324675,0.38,0.2992125984251969,50,0.22093023255813954,0.2602739726027397,0.2389937106918239,73
1.0,0.905982905982906,0.9137931034482759,0.9098712446351932,116,0.07692307692307693,0.125,0.09523809523809525,8,0.07142857142857142,0.125,0.09090909090909091,8
2.0,0.9090909090909091,0.935064935064935,0.9218950064020487,385,0.11363636363636363,0.10416666666666667,0.10869565217391304,48,0.1836734693877551,0.1875,0.18556701030927839,48
3.0,0.949671772428884,0.9612403100775194,0.9554210236653825,903,0.18627450980392157,0.19,0.18811881188118812,100,0.25663716814159293,0.29896907216494845,0.2761904761904762,97
4.0,0.972,0.9621645402551694,0.9670572628786204,2273,0.548,0.4597315436241611,0.5,298,0.5611510791366906,0.47416413373860183,0.5140032948929159,329
5.0,0.925,0.9487179487179487,0.9367088607594937,390,0.17777777777777778,0.2962962962962963,0.2222222222222222,27,0.10204081632653061,0.11904761904761904,0.10989010989010989,42
6.0,0.9532163742690059,0.944015444015444,0.9485935984481086,518,0.05263157894736842,0.05263157894736842,0.05263157894736842,57,0.0625,0.07142857142857142,0.06666666666666667,56
macro avg,0.9410947301709989,0.9472513538591979,0.944109536201454,5286,0.2002852219773936,0.22968944079064177,0.20944556555542623,588,0.20833733385418288,0.21948333842606862,0.21174576565005168,653
weighted avg,0.9569396926250038,0.9566780174044647,0.9567635213430368,5286,0.353977964945552,0.32653061224489793,0.33631259723746815,588,0.3718436243647856,0.34150076569678406,0.35425315200855234,653
0.0,0.9597701149425287,0.9667149059334298,0.9632299927901947,691,0.24675324675324675,0.35185185185185186,0.29007633587786263,54,0.23255813953488372,0.25316455696202533,0.24242424242424246,79
1.0,0.8888888888888888,0.9122807017543859,0.9004329004329005,114,0.07692307692307693,0.16666666666666666,0.10526315789473684,6,0.07142857142857142,0.3333333333333333,0.11764705882352941,3
2.0,0.9267676767676768,0.9314720812182741,0.929113924050633,394,0.11363636363636363,0.09433962264150944,0.10309278350515466,53,0.20408163265306123,0.18518518518518517,0.19417475728155342,54
3.0,0.9562363238512035,0.9593852908891328,0.9578082191780822,911,0.17647058823529413,0.20224719101123595,0.1884816753926702,89,0.18584070796460178,0.25,0.2131979695431472,84
4.0,0.9711111111111111,0.9638288486987208,0.9674562762895726,2267,0.5,0.4826254826254826,0.4911591355599214,259,0.5035971223021583,0.49122807017543857,0.49733570159857904,285
5.0,0.9525,0.9384236453201971,0.945409429280397,406,0.24444444444444444,0.22,0.23157894736842105,50,0.14285714285714285,0.1044776119402985,0.12068965517241378,67
6.0,0.9454191033138402,0.9642147117296223,0.9547244094488189,503,0.12280701754385964,0.09090909090909091,0.1044776119402985,77,0.140625,0.1111111111111111,0.12413793103448276,81
macro avg,0.9429561741250356,0.948045740791966,0.9454535930672284,5286,0.21157639107661222,0.22980570081511958,0.2163042353627236,588,0.2115697595343456,0.24692855267248456,0.215658187982564,653
weighted avg,0.9581123602514723,0.9580022701475596,0.9580328100650048,5286,0.3175054183418055,0.3163265306122449,0.31525242741213866,588,0.32114033659628954,0.31852986217457885,0.31819383909456944,653
0.0,0.9698275862068966,0.9629101283880172,0.9663564781675017,701,0.22077922077922077,0.3617021276595745,0.27419354838709675,47,0.20930232558139536,0.2465753424657534,0.22641509433962262,73
1.0,0.9145299145299145,0.9304347826086956,0.9224137931034483,115,0.07692307692307693,0.05,0.060606060606060615,20,0.07142857142857142,0.07142857142857142,0.07142857142857142,14
2.0,0.9065656565656566,0.9373368146214099,0.9216944801026957,383,0.13636363636363635,0.08955223880597014,0.1081081081081081,67,0.2857142857142857,0.18666666666666668,0.22580645161290322,75
3.0,0.9529540481400438,0.9581958195819582,0.9555677454744925,909,0.22549019607843138,0.21100917431192662,0.21800947867298578,109,0.25663716814159293,0.2543859649122807,0.2555066079295154,114
4.0,0.9764444444444444,0.9640193067134708,0.9701920953852948,2279,0.448,0.48484848484848486,0.4656964656964657,231,0.43884892086330934,0.48221343873517786,0.4595103578154425,253
5.0,0.9425,0.9472361809045227,0.9448621553884713,398,0.2222222222222222,0.24390243902439024,0.23255813953488372,41,0.12244897959183673,0.10526315789473684,0.11320754716981131,57
6.0,0.9376218323586745,0.9600798403193613,0.9487179487179488,501,0.12280701754385964,0.0958904109589041,0.1076923076923077,73,0.09375,0.08955223880597014,0.09160305343511452,67
macro avg,0.9429204974636615,0.9514589818767766,0.947114956619979,5286,0.20751219570149246,0.21955783937275006,0.20955201552827263,588,0.21116146447442732,0.20515505441559387,0.2062110976758544,653
weighted avg,0.9588820244469364,0.9585698070374574,0.9586727505587122,5286,0.2843433729860722,0.29931972789115646,0.28924795946133625,588,0.2928849880234408,0.3001531393568147,0.29469815368738717,653
0.0,0.9612068965517241,0.962589928057554,0.9618979151689432,695,0.23376623376623376,0.36,0.28346456692913385,50,0.23255813953488372,0.28169014084507044,0.25477707006369427,71
1.0,0.9145299145299145,0.9145299145299145,0.9145299145299145,117,0.07692307692307693,0.16666666666666666,0.10526315789473684,6,0.07142857142857142,0.25,0.11111111111111112,4
2.0,0.9166666666666666,0.9331619537275064,0.9248407643312102,389,0.11363636363636363,0.09090909090909091,0.10101010101010102,55,0.24489795918367346,0.21818181818181817,0.23076923076923075,55
3.0,0.9617067833698031,0.956474428726877,0.9590834697217676,919,0.1568627450980392,0.20253164556962025,0.17679558011049723,79,0.18584070796460178,0.2916666666666667,0.22702702702702704,72
4.0,0.9702222222222222,0.9655019902697921,0.9678563511416538,2261,0.556,0.476027397260274,0.5129151291512916,292,0.5935251798561151,0.4925373134328358,0.5383360522022838,335
5.0,0.94,0.9494949494949495,0.9447236180904524,396,0.13333333333333333,0.2222222222222222,0.16666666666666669,27,0.10204081632653061,0.11904761904761904,0.10989010989010989,42
6.0,0.9434697855750487,0.9508840864440079,0.9471624266144814,509,0.14035087719298245,0.10126582278481013,0.11764705882352941,79,0.09375,0.08108108108108109,0.08695652173913043,74
macro avg,0.9439717527021971,0.9475196073215145,0.9457277799426319,5286,0.2015532328500042,0.23137469220181206,0.20910889436942237,588,0.21772019632776798,0.24774351989358445,0.22269530325751247,653
weighted avg,0.9575424187771047,0.9574347332576617,0.9574762116692074,5286,0.3534553168551715,0.3282312925170068,0.3365519541451461,588,0.38851670820636636,0.35222052067381315,0.3659488740720761,653
0.0,0.9597701149425287,0.9653179190751445,0.962536023054755,692,0.24675324675324675,0.34545454545454546,0.2878787878787879,55,0.22093023255813954,0.24675324675324675,0.2331288343558282,77
1.0,0.9145299145299145,0.9224137931034483,0.9184549356223175,116,0.07692307692307693,0.07692307692307693,0.07692307692307693,13,0.07142857142857142,0.1111111111111111,0.08695652173913043,9
2.0,0.9141414141414141,0.9329896907216495,0.9234693877551021,388,0.11363636363636363,0.0847457627118644,0.09708737864077668,59,0.24489795918367346,0.2033898305084746,0.22222222222222224,59
3.0,0.9573304157549234,0.9562841530054644,0.9568069983597594,915,0.17647058823529413,0.21951219512195122,0.1956521739130435,82,0.17699115044247787,0.273972602739726,0.2150537634408602,73
4.0,0.9715555555555555,0.9625715543813298,0.9670426896704268,2271,0.512,0.4830188679245283,0.4970873786407767,265,0.5323741007194245,0.48366013071895425,0.5068493150684932,306
5.0,0.935,0.9540816326530612,0.9444444444444445,392,0.17777777777777778,0.21052631578947367,0.19277108433734938,38,0.12244897959183673,0.10526315789473684,0.11320754716981131,57
6.0,0.9395711500974658,0.94140625,0.9404878048780487,512,0.14035087719298245,0.10526315789473684,0.12030075187969924,76,0.125,0.1111111111111111,0.11764705882352941,72
macro avg,0.9416997950031146,0.9478664275628711,0.9447488976835505,5286,0.20627313293124883,0.21792056026002524,0.20967151888764432,588,0.21343871341773193,0.21932302726248012,0.21358075183141073,653
weighted avg,0.9562757631942667,0.9561104805145668,0.9561683982208781,5286,0.32117140218280676,0.31802721088435376,0.3176892527576377,588,0.34289415816362956,0.327718223583461,0.33317438532661126,653
0.0,0.9554597701149425,0.965166908563135,0.9602888086642599,689,0.2077922077922078,0.36363636363636365,0.26446280991735543,44,0.20930232558139536,0.28125,0.24,64
1.0,0.905982905982906,0.9217391304347826,0.9137931034482759,115,0.07692307692307693,0.16666666666666666,0.10526315789473684,6,0.07142857142857142,0.125,0.09090909090909091,8
2.0,0.9191919191919192,0.9309462915601023,0.9250317662007624,391,0.11363636363636363,0.1282051282051282,0.12048192771084336,39,0.1836734693877551,0.20454545454545456,0.1935483870967742,44
3.0,0.949671772428884,0.970917225950783,0.9601769911504425,894,0.19607843137254902,0.21505376344086022,0.20512820512820512,93,0.18584070796460178,0.26582278481012656,0.21875,79
4.0,0.9773333333333334,0.9611013986013986,0.9691494050242399,2288,0.58,0.4738562091503268,0.5215827338129496,306,0.5971223021582733,0.48823529411764705,0.5372168284789643,340
5.0,0.94,0.9567430025445293,0.9482976040353088,393,0.17777777777777778,0.27586206896551724,0.2162162162162162,29,0.10204081632653061,0.1111111111111111,0.10638297872340426,45
6.0,0.9610136452241715,0.9554263565891473,0.9582118561710399,516,0.08771929824561403,0.07042253521126761,0.078125,71,0.109375,0.0958904109589041,0.10218978102189781,73
macro avg,0.944093335182308,0.9517200448919826,0.9478499335277614,5286,0.20570387939251275,0.24195753361087574,0.21589429295432952,588,0.20839759897816107,0.22455072222046332,0.21271386660430452,653
weighted avg,0.959582317131107,0.9593265228906546,0.9593914040115048,5286,0.3760801592429507,0.3401360544217687,0.3528318412558008,588,0.38641289503738047,0.34762633996937214,0.3626117327711032,653
0.0,0.9583333333333334,0.9694767441860465,0.9638728323699423,688,0.2857142857142857,0.34375,0.3120567375886525,64,0.2441860465116279,0.22826086956521738,0.23595505617977527,92
1.0,0.9230769230769231,0.9310344827586207,0.927038626609442,116,0.07692307692307693,0.125,0.09523809523809525,8,0.07142857142857142,0.2,0.10526315789473682,5
2.0,0.9242424242424242,0.9312977099236641,0.9277566539923954,393,0.11363636363636363,0.14705882352941177,0.12820512820512822,34,0.1836734693877551,0.23684210526315788,0.20689655172413793,38
3.0,0.9606126914660832,0.9595628415300547,0.9600874794969929,915,0.21568627450980393,0.21568627450980393,0.21568627450980393,102,0.25663716814159293,0.28431372549019607,0.2697674418604651,102
4.0,0.9728888888888889,0.9681556833259619,0.9705165151851031,2261,0.512,0.49230769230769234,0.5019607843137256,260,0.4892086330935252,0.48398576512455516,0.48658318425760283,281
5.0,0.945,0.945,0.945,400,0.13333333333333333,0.21428571428571427,0.1643835616438356,28,0.10204081632653061,0.12195121951219512,0.11111111111111112,41
6.0,0.9532163742690059,0.9532163742690059,0.9532163742690059,513,0.14035087719298245,0.08695652173913043,0.10738255033557047,92,0.15625,0.10638297872340426,0.12658227848101267,94
macro avg,0.9481958050395226,0.9511062622847649,0.9496412117032688,5286,0.21109203018712086,0.23214928948167896,0.2178447331192588,588,0.21477495784137185,0.2373909519541037,0.22030839735840596,653
weighted avg,0.9601399772241341,0.9600832387438517,0.9601035260971421,5286,0.3308339273806513,0.32653061224489793,0.3266738921854106,588,0.32514187058508137,0.3231240428790199,0.3228127006163168,653
0.0,0.9669540229885057,0.9725433526011561,0.9697406340057637,692,0.2597402597402597,0.40816326530612246,0.31746031746031744,49,0.22093023255813954,0.2753623188405797,0.24516129032258066,69
1.0,0.9230769230769231,0.9230769230769231,0.9230769230769231,117,0.07692307692307693,0.07142857142857142,0.07407407407407408,14,0.07142857142857142,0.09090909090909091,0.08,11
2.0,0.9166666666666666,0.9502617801047121,0.9331619537275064,382,0.11363636363636363,0.08196721311475409,0.09523809523809525,61,0.2653061224489796,0.19402985074626866,0.22413793103448276,67
3.0,0.9606126914660832,0.9658965896589659,0.9632473944048272,909,0.18627450980392157,0.20652173913043478,0.19587628865979378,92,0.23893805309734514,0.3,0.26600985221674883,90
4.0,0.98,0.9645669291338582,0.9722222222222221,2286,0.484,0.4763779527559055,0.4801587301587301,254,0.5,0.4894366197183099,0.49466192170818507,284
5.0,0.94,0.9616368286445013,0.9506953223767383,391,0.17777777777777778,0.24242424242424243,0.20512820512820512,33,0.12244897959183673,0.12244897959183673,0.12244897959183673,49
6.0,0.9434697855750487,0.9508840864440079,0.9471624266144814,509,0.08771929824561403,0.058823529411764705,0.0704225352112676,85,0.15625,0.12048192771084337,0.13605442176870747,83
macro avg,0.9472542985390324,0.9555523556663035,0.9513295537754946,5286,0.19801018373243054,0.2208152162245422,0.20547974941864047,588,0.2250431370178389,0.22752411250241847,0.22406777094893449,653
weighted avg,0.962645082855672,0.962353386303443,0.9624381030582595,5286,0.29614298623387525,0.304421768707483,0.2978540793900058,588,0.33120763447943125,0.32924961715160794,0.3285310258545224,653
0.0,0.9640804597701149,0.9795620437956204,0.9717595944967413,685,0.2857142857142857,0.3283582089552239,0.3055555555555556,67,0.2441860465116279,0.23863636363636365,0.2413793103448276,88
1.0,0.9230769230769231,0.9391304347826087,0.9310344827586208,115,0.15384615384615385,0.18181818181818182,0.16666666666666669,11,0.07142857142857142,0.14285714285714285,0.09523809523809523,7
2.0,0.9343434343434344,0.9390862944162437,0.9367088607594937,394,0.11363636363636363,0.10869565217391304,0.11111111111111112,46,0.24489795918367346,0.24489795918367346,0.24489795918367346,49
3.0,0.9606126914660832,0.9637760702524698,0.9621917808219177,911,0.16666666666666666,0.2073170731707317,0.18478260869565216,82,0.18584070796460178,0.2727272727272727,0.2210526315789474,77
4.0,0.9773333333333334,0.9674439067311923,0.9723634755693124,2273,0.544,0.48226950354609927,0.5112781954887218,282,0.564748201438849,0.48757763975155277,0.5233333333333333,322
5.0,0.945,0.9569620253164557,0.950943396226415,395,0.17777777777777778,0.2222222222222222,0.19753086419753085,36,0.14285714285714285,0.1346153846153846,0.1386138613861386,52
6.0,0.9454191033138402,0.9454191033138402,0.9454191033138402,513,0.07017543859649122,0.0625,0.06611570247933884,64,0.078125,0.08620689655172414,0.0819672131147541,58
macro avg,0.9499808493291042,0.9559114112297759,0.9529172419923345,5286,0.215973812319677,0.22759726312662457,0.220434386313511,588,0.21886908991206663,0.22964552276044486,0.22092605773996712,653
weighted avg,0.9628361904691556,0.9627317442300416,0.9627599532149068,5286,0.3469869596926525,0.3299319727891156,0.3368908295532627,588,0.3707608712070113,0.3430321592649311,0.35437128804695056,653
0.0,0.9568965517241379,0.9708454810495627,0.9638205499276411,686,0.24675324675324675,0.3877551020408163,0.30158730158730157,49,0.22093023255813954,0.2878787878787879,0.25,66
1.0,0.9316239316239316,0.9159663865546218,0.9237288135593219,119,0.07692307692307693,0.08333333333333333,0.08,12,0.07142857142857142,0.125,0.09090909090909091,8
2.0,0.9217171717171717,0.9335038363171355,0.9275730622617535,391,0.11363636363636363,0.125,0.11904761904761904,40,0.22448979591836735,0.24444444444444444,0.23404255319148937,45
3.0,0.9573304157549234,0.9615384615384616,0.9594298245614036,910,0.20588235294117646,0.21649484536082475,0.21105527638190955,97,0.25663716814159293,0.2871287128712871,0.2710280373831776,101
4.0,0.9746666666666667,0.9648042234931808,0.9697103692239664,2273,0.56,0.4713804713804714,0.5118829981718465,297,0.5683453237410072,0.4906832298136646,0.5266666666666667,322
5.0,0.9425,0.9592875318066157,0.9508196721311476,393,0.17777777777777778,0.2962962962962963,0.2222222222222222,27,0.10204081632653061,0.10869565217391304,0.10526315789473685,46
6.0,0.9512670565302144,0.9494163424124513,0.9503407984420642,514,0.08771929824561403,0.07575757575757576,0.0813008130081301,66,0.0625,0.06153846153846154,0.06201550387596899,65
macro avg,0.9480002562881494,0.9507660375960042,0.9493461557296141,5286,0.20981315946817938,0.23657394630990253,0.2181566043455756,588,0.21519598687345848,0.22933846981722267,0.21998928713159005,653
weighted avg,0.9598235859277837,0.9597048808172531,0.9597362475505073,5286,0.3646930314267776,0.33843537414965985,0.3475631776603788,588,0.37203490124734756,0.34762633996937214,0.3577225100740478,653
0.0,0.9612068965517241,0.9667630057803468,0.9639769452449568,692,0.2597402597402597,0.37735849056603776,0.3076923076923077,53,0.23255813953488372,0.2631578947368421,0.24691358024691357,76
1.0,0.9145299145299145,0.9224137931034483,0.9184549356223175,116,0.15384615384615385,0.08333333333333333,0.10810810810810811,24,0.07142857142857142,0.05555555555555555,0.0625,18
2.0,0.9191919191919192,0.9405684754521964,0.929757343550447,387,0.11363636363636363,0.1111111111111111,0.11235955056179774,45,0.24489795918367346,0.22641509433962265,0.23529411764705882,53
3.0,0.9518599562363238,0.9623893805309734,0.957095709570957,904,0.18627450980392157,0.2159090909090909,0.2,88,0.22123893805309736,0.29411764705882354,0.25252525252525254,85
4.0,0.9746666666666667,0.963956043956044,0.9692817679558011,2275,0.544,0.48056537102473496,0.5103189493433397,283,0.5575539568345323,0.4952076677316294,0.5245346869712352,313
5.0,0.95,0.9476309226932669,0.9488139825218477,401,0.15555555555555556,0.2413793103448276,0.18918918918918917,29,0.10204081632653061,0.10416666666666667,0.10309278350515465,48
6.0,0.949317738791423,0.9530332681017613,0.9511718750000001,511,0.07017543859649122,0.06060606060606061,0.06504065040650406,66,0.078125,0.08333333333333333,0.08064516129032258,60
macro avg,0.9458247274239959,0.9509649842311482,0.9483646513523324,5286,0.2118897544541065,0.2243232525564566,0.2132441079001781,588,0.215406197337327,0.21742197991749615,0.2150722260265625,653
weighted avg,0.9593014277058753,0.9591373439273553,0.9591908227891743,5286,0.3436377971826572,0.3282312925170068,0.33292159652219167,588,0.3596399420130099,0.34150076569678406,0.34883949020883526,653
0.0,0.9597701149425287,0.9780380673499268,0.9688179840464105,683,0.2727272727272727,0.39622641509433965,0.32307692307692304,53,0.23255813953488372,0.2702702702702703,0.25,74
1.0,0.9401709401709402,0.9243697478991597,0.9322033898305084,119,0.07692307692307693,0.07692307692307693,0.07692307692307693,13,0.07142857142857142,0.14285714285714285,0.09523809523809523,7
2.0,0.9242424242424242,0.9336734693877551,0.9289340101522842,392,0.11363636363636363,0.11363636363636363,0.11363636363636363,44,0.22448979591836735,0.22916666666666666,0.22680412371134018,48
3.0,0.9606126914660832,0.9585152838427947,0.9595628415300546,916,0.23529411764705882,0.22641509433962265,0.23076923076923075,106,0.25663716814159293,0.27884615384615385,0.2672811059907834,104
4.0,0.9733333333333334,0.9656084656084656,0.9694555112881806,2268,0.52,0.48507462686567165,0.5019305019305019,268,0.5287769784172662,0.49328859060402686,0.5104166666666666,298
5.0,0.9425,0.9425,0.9425,400,0.17777777777777778,0.24242424242424243,0.20512820512820512,33,0.12244897959183673,0.1111111111111111,0.11650485436893204,54
6.0,0.9512670565302144,0.9606299212598425,0.9559255631733593,508,0.08771929824561403,0.07042253521126761,0.078125,71,0.078125,0.07352941176470588,0.07575757575757576,68
macro avg,0.950270937240789,0.9519049936211349,0.9510570428601139,5286,0.21201112956530915,0.23016033635636918,0.21851275735204306,588,0.21635209043321688,0.22843847816001106,0.2202860602476276,653
weighted avg,0.960535613089179,0.9604615966704503,0.9604751923965975,5286,0.33477969178101863,0.3299319727891156,0.33064301984901473,588,0.34406640502709523,0.33537519142419603,0.33904662110559974,653
0.0,0.9655172413793104,0.9696969696969697,0.9676025917926565,693,0.24675324675324675,0.3958333333333333,0.30399999999999994,48,0.22093023255813954,0.2638888888888889,0.24050632911392406,72
1.0,0.9572649572649573,0.9256198347107438,0.9411764705882353,121,0.07692307692307693,0.1111111111111111,0.09090909090909093,9,0.07142857142857142,0.2,0.10526315789473682,5
2.0,0.9191919191919192,0.9479166666666666,0.9333333333333333,384,0.11363636363636363,0.1282051282051282,0.12048192771084336,39,0.22448979591836735,0.2391304347826087,0.23157894736842108,46
3.0,0.9606126914660832,0.9616648411829135,0.9611384783798578,913,0.22549019607843138,0.23232323232323232,0.2288557213930348,99,0.23008849557522124,0.2826086956521739,0.25365853658536586,92
4.0,0.9728888888888889,0.9681556833259619,0.9705165151851031,2261,0.56,0.4827586206896552,0.5185185185185185,290,0.5719424460431655,0.49226006191950467,0.529118136439268,323
5.0,0.95,0.9523809523809523,0.9511889862327909,399,0.15555555555555556,0.2916666666666667,0.2028985507246377,24,0.10204081632653061,0.1388888888888889,0.11764705882352941,36
6.0,0.9571150097465887,0.9533980582524272,0.9552529182879377,515,0.12280701754385964,0.08860759493670886,0.10294117647058823,79,0.09375,0.0759493670886076,0.0839160839160839,79
macro avg,0.9546558154196783,0.9541190008880908,0.9543156133999878,5286,0.21445220807007623,0.24721509818083368,0.22408642653238764,588,0.2163814796928565,0.24181804817438182,0.22309832144876132,653
weighted avg,0.9622791525123771,0.9621642073401437,0.9621959665291312,5286,0.3658620728730351,0.3435374149659864,0.35057479922747153,588,0.3730105991825294,0.34762633996937214,0.3577363112517282,653
0.0,0.9626436781609196,0.9738372093023255,0.9682080924855491,688,0.22077922077922077,0.3469387755102041,0.2698412698412698,49,0.22093023255813954,0.2753623188405797,0.24516129032258066,69
1.0,0.9572649572649573,0.9256198347107438,0.9411764705882353,121,0.07692307692307693,0.1,0.08695652173913043,10,0.07142857142857142,0.16666666666666666,0.1,6
2.0,0.9318181818181818,0.9461538461538461,0.9389312977099236,390,0.11363636363636363,0.10416666666666667,0.10869565217391304,48,0.24489795918367346,0.21818181818181817,0.23076923076923075,55
3.0,0.9638949671772429,0.9617903930131004,0.9628415300546448,916,0.19607843137254902,0.20618556701030927,0.20100502512562812,97,0.24778761061946902,0.28865979381443296,0.2666666666666666,97
4.0,0.9768888888888889,0.9670039595248571,0.9719212911784215,2273,0.54,0.4838709677419355,0.5103969754253308,279,0.5323741007194245,0.4820846905537459,0.505982905982906,307
5.0,0.9375,0.9664948453608248,0.9517766497461929,388,0.17777777777777778,0.23529411764705882,0.20253164556962028,34,0.12244897959183673,0.10909090909090909,0.11538461538461538,55
6.0,0.9551656920077972,0.9607843137254902,0.9579667644183772,510,0.08771929824561403,0.07042253521126761,0.078125,71,0.09375,0.09375,0.09375,64
macro avg,0.9550251950454267,0.9573834859701698,0.9561174423116207,5286,0.20184488124780034,0.220982661398206,0.20822172712498463,588,0.21908820772873064,0.23339945673545034,0.22253067273228563,653
weighted avg,0.9640215169533936,0.9638668180098373,0.9639018261467284,5286,0.33842530698125567,0.32482993197278914,0.3293203627111933,588,0.35122677834408567,0.33690658499234305,0.34266157637693473,653
0.0,0.9655172413793104,0.9710982658959537,0.968299711815562,692,0.22077922077922077,0.37777777777777777,0.2786885245901639,45,0.20930232558139536,0.2465753424657534,0.22641509433962262,73
1.0,0.9230769230769231,0.9310344827586207,0.927038626609442,116,0.07692307692307693,0.0625,0.06896551724137931,16,0.07142857142857142,0.1,0.08333333333333333,10
2.0,0.9343434343434344,0.9343434343434344,0.9343434343434344,396,0.11363636363636363,0.11363636363636363,0.11363636363636363,44,0.24489795918367346,0.24489795918367346,0.24489795918367346,49
3.0,0.9595185995623632,0.9626783754116356,0.9610958904109588,911,0.20588235294117646,0.21212121212121213,0.20895522388059704,99,0.25663716814159293,0.29,0.27230046948356806,100
4.0,0.9733333333333334,0.9707446808510638,0.9720372836218376,2256,0.556,0.4809688581314879,0.5157699443413729,289,0.5503597122302158,0.4857142857142857,0.5160202360876898,315
5.0,0.965,0.9625935162094763,0.9637952559300873,401,0.15555555555555556,0.28,0.2,25,0.10204081632653061,0.13157894736842105,0.11494252873563218,38
6.0,0.9590643274853801,0.9571984435797666,0.958130477117819,514,0.07017543859649122,0.05714285714285714,0.06299212598425197,70,0.109375,0.10294117647058823,0.10606060606060606,68
macro avg,0.9542648370258205,0.95567017129285,0.9549629542641629,5286,0.19985028691884069,0.22630672411567124,0.20700109995344698,588,0.2205773646988542,0.22881538731467457,0.22342431817487504,653
weighted avg,0.9638858045100651,0.9638668180098373,0.9638734983247894,5286,0.3503968651320645,0.3299319727891156,0.3363910914628451,588,0.364985348650556,0.3445635528330781,0.3533200518226341,653
0.0,0.9626436781609196,0.9738372093023255,0.9682080924855491,688,0.23376623376623376,0.35294117647058826,0.28125,51,0.22093023255813954,0.24050632911392406,0.23030303030303031,79
1.0,0.9487179487179487,0.9327731092436975,0.9406779661016949,119,0.15384615384615385,0.13333333333333333,0.14285714285714288,15,0.07142857142857142,0.125,0.09090909090909091,8
2.0,0.9191919191919192,0.9479166666666666,0.9333333333333333,384,0.11363636363636363,0.0847457627118644,0.09708737864077668,59,0.2857142857142857,0.21212121212121213,0.24347826086956523,66
3.0,0.9638949671772429,0.9638949671772429,0.9638949671772429,914,0.18627450980392157,0.19387755102040816,0.19,98,0.23893805309734514,0.2755102040816326,0.2559241706161137,98
4.0,0.9782222222222222,0.9717439293598233,0.9749723145071983,2265,0.484,0.4859437751004016,0.4849699398797595,249,0.4568345323741007,0.47388059701492535,0.46520146520146516,268
5.0,0.955,0.955,0.955,400,0.17777777777777778,0.21621621621621623,0.1951219512195122,37,0.12244897959183673,0.1016949152542373,0.11111111111111112,59
6.0,0.9590643274853801,0.9534883720930233,0.9562682215743439,516,0.10526315789473684,0.0759493670886076,0.08823529411764705,79,0.125,0.10666666666666667,0.11510791366906474,75
macro avg,0.9552478661365189,0.9569506076918256,0.9560506993113373,5286,0.20779488524645537,0.2204295974202028,0.21136024381640547,588,0.21732780782346844,0.21933998917894257,0.21600500609706302,653
weighted avg,0.965137440362776,0.965001891789633,0.965042478298775,5286,0.2969367090077585,0.304421768707483,0.29894962235227746,588,0.30525135295004846,0.3093415007656968,0.3061776229918999,653
0.0,0.9669540229885057,0.9725433526011561,0.9697406340057637,692,0.23376623376623376,0.36,0.28346456692913385,50,0.22093023255813954,0.24675324675324675,0.2331288343558282,77
1.0,0.9401709401709402,0.9322033898305084,0.9361702127659575,118,0.15384615384615385,0.15384615384615385,0.15384615384615385,13,0.07142857142857142,0.14285714285714285,0.09523809523809523,7
2.0,0.9267676767676768,0.9483204134366925,0.9374201787994892,387,0.11363636363636363,0.08928571428571429,0.1,56,0.22448979591836735,0.1896551724137931,0.205607476635514,58
3.0,0.9606126914660832,0.9627192982456141,0.9616648411829135,912,0.18627450980392157,0.20652173913043478,0.19587628865979378,92,0.23008849557522124,0.28888888888888886,0.25615763546798026,90
4.0,0.9746666666666667,0.9699248120300752,0.972289957880736,2261,0.54,0.48736462093862815,0.5123339658444023,277,0.5215827338129496,0.48172757475083056,0.5008635578583764,301
5.0,0.95,0.9547738693467337,0.9523809523809523,398,0.15555555555555556,0.2413793103448276,0.18918918918918917,29,0.12244897959183673,0.12,0.12121212121212122,50
6.0,0.9610136452241715,0.9517374517374517,0.95635305528613,518,0.08771929824561403,0.07042253521126761,0.078125,71,0.078125,0.07142857142857142,0.07462686567164178,70
macro avg,0.9543122347548635,0.9560317981754615,0.955145690328849,5286,0.21011401640769178,0.2298314391081466,0.21611930920981043,588,0.20987054412644082,0.22018722815606767,0.21240494091993675,653
weighted avg,0.9637602387313339,0.963677639046538,0.9637031109812277,5286,0.33589861265384113,0.32482993197278914,0.3277954369533055,588,0.3366425766145507,0.32618683001531396,0.3302318917642202,653
0.0,0.9640804597701149,0.9654676258992806,0.9647735442127965,695,0.23376623376623376,0.36,0.28346456692913385,50,0.22093023255813954,0.25675675675675674,0.23750000000000002,74
1.0,0.8974358974358975,0.9292035398230089,0.9130434782608695,113,0.15384615384615385,0.15384615384615385,0.15384615384615385,13,0.07142857142857142,0.16666666666666666,0.1,6
2.0,0.9242424242424242,0.9432989690721649,0.9336734693877551,388,0.11363636363636363,0.10416666666666667,0.10869565217391304,48,0.22448979591836735,0.21153846153846154,0.21782178217821782,52
3.0,0.9660831509846827,0.9608269858541894,0.9634478996181123,919,0.14705882352941177,0.19230769230769232,0.16666666666666669,78,0.22123893805309736,0.32051282051282054,0.2617801047120419,78
4.0,0.9724444444444444,0.9672855879752431,0.9698581560283688,2262,0.592,0.48366013071895425,0.5323741007194245,306,0.5899280575539568,0.49696969696969695,0.5394736842105263,330
5.0,0.9475,0.949874686716792,0.9486858573216521,399,0.17777777777777778,0.2962962962962963,0.2222222222222222,27,0.12244897959183673,0.12,0.12121212121212122,50
6.0,0.9551656920077972,0.9607843137254902,0.9579667644183772,510,0.07017543859649122,0.06060606060606061,0.06504065040650406,66,0.0625,0.06349206349206349,0.06299212598425197,63
macro avg,0.9467074384121944,0.9538202441523099,0.950207024178276,5286,0.21260868445034742,0.23584042863454627,0.21890143042343116,588,0.21613779644342418,0.23370520941949516,0.22011140261387988,653
weighted avg,0.9615472925782784,0.9614074914869466,0.9614591956117569,5286,0.3761854155195913,0.3401360544217687,0.3530438391118668,588,0.38352790683946103,0.35222052067381315,0.36443492592326837,653
0.0,0.9698275862068966,0.9726224783861671,0.9712230215827338,694,0.2987012987012987,0.38333333333333336,0.33576642335766427,60,0.23255813953488372,0.23255813953488372,0.23255813953488372,86
1.0,0.9145299145299145,0.9385964912280702,0.9264069264069265,114,0.15384615384615385,0.16666666666666666,0.16,12,0.07142857142857142,0.16666666666666666,0.1,6
2.0,0.9318181818181818,0.9534883720930233,0.942528735632184,387,0.11363636363636363,0.09259259259259259,0.10204081632653061,54,0.22448979591836735,0.1864406779661017,0.2037037037037037,59
3.0,0.9715536105032823,0.9652173913043478,0.9683751363140676,920,0.16666666666666666,0.20987654320987653,0.1857923497267759,81,0.22123893805309736,0.31645569620253167,0.2604166666666667,79
4.0,0.9768888888888889,0.9691358024691358,0.9729969012837539,2268,0.54,0.4804270462633452,0.5084745762711864,281,0.5359712230215827,0.4901315789473684,0.5120274914089348,304
5.0,0.94,0.9616368286445013,0.9506953223767383,391,0.17777777777777778,0.25,0.20779220779220778,32,0.12244897959183673,0.11764705882352941,0.12,51
6.0,0.9610136452241715,0.962890625,0.9619512195121952,512,0.08771929824561403,0.07352941176470588,0.07999999999999999,68,0.078125,0.07352941176470588,0.07575757575757576,68
macro avg,0.9522331181673335,0.960512569875035,0.9563110375869427,5286,0.2197639369819821,0.2366322276900743,0.2256951962106236,588,0.21232294964976275,0.2262041757008268,0.21492336815310922,653
weighted avg,0.966122341934436,0.9659477866061293,0.966004687899831,5286,0.3448952322690239,0.33163265306122447,0.3360477489668629,588,0.34554976301944046,0.332312404287902,0.33708929207506355,653
0.0,0.9640804597701149,0.9710564399421129,0.9675558759913482,691,0.2077922077922078,0.38095238095238093,0.2689075630252101,42,0.20930232558139536,0.2647058823529412,0.2337662337662338,68
1.0,0.9401709401709402,0.9322033898305084,0.9361702127659575,118,0.07692307692307693,0.07692307692307693,0.07692307692307693,13,0.07142857142857142,0.125,0.09090909090909091,8
2.0,0.9318181818181818,0.9413265306122449,0.9365482233502538,392,0.11363636363636363,0.1,0.10638297872340427,50,0.22448979591836735,0.2,0.21153846153846156,55
3.0,0.9671772428884027,0.9650655021834061,0.966120218579235,916,0.16666666666666666,0.20987654320987653,0.1857923497267759,81,0.23008849557522124,0.3170731707317073,0.2666666666666667,82
4.0,0.9764444444444444,0.9725542275343072,0.9744954535373697,2259,0.568,0.4863013698630137,0.5239852398523985,292,0.5503597122302158,0.498371335504886,0.5230769230769231,307
5.0,0.9575,0.9551122194513716,0.9563046192259677,401,0.15555555555555556,0.25,0.1917808219178082,28,0.10204081632653061,0.10416666666666667,0.10309278350515465,48
6.0,0.9571150097465887,0.9646365422396856,0.9608610567514677,509,0.10526315789473684,0.07317073170731707,0.08633093525179855,82,0.09375,0.07058823529411765,0.08053691275167785,85
macro avg,0.9563294684055247,0.9574221216848053,0.9568650943145142,5286,0.1991195754955153,0.22531772895080932,0.2057289950600675,588,0.21163710243718598,0.2257007557929027,0.21565529603060124,653
weighted avg,0.9658047465684524,0.9657586076428302,0.9657744757709631,5286,0.35332011124492324,0.3299319727891156,0.3369305045107897,588,0.3489208621163729,0.33690658499234305,0.3407402224370814,653
0.0,0.9698275862068966,0.9796806966618288,0.9747292418772564,689,0.2727272727272727,0.4117647058823529,0.328125,51,0.22093023255813954,0.2602739726027397,0.2389937106918239,73
1.0,0.9145299145299145,0.9304347826086956,0.9224137931034483,115,0.15384615384615385,0.11764705882352941,0.13333333333333333,17,0.07142857142857142,0.08333333333333333,0.07692307692307691,12
2.0,0.9343434343434344,0.9536082474226805,0.9438775510204083,388,0.11363636363636363,0.10416666666666667,0.10869565217391304,48,0.24489795918367346,0.21818181818181817,0.23076923076923075,55
3.0,0.9671772428884027,0.9724972497249725,0.9698299506308284,909,0.19607843137254902,0.20408163265306123,0.2,98,0.23893805309734514,0.28421052631578947,0.25961538461538464,95
4.0,0.98,0.9717937417364477,0.9758796193848196,2269,0.52,0.49056603773584906,0.5048543689320388,265,0.5143884892086331,0.49825783972125437,0.5061946902654867,287
5.0,0.9625,0.9625,0.9625000000000001,400,0.15555555555555556,0.25925925925925924,0.19444444444444445,27,0.10204081632653061,0.11363636363636363,0.1075268817204301,44
6.0,0.9629629629629629,0.9573643410852714,0.9601554907677357,516,0.08771929824561403,0.06097560975609756,0.07194244604316546,82,0.125,0.09195402298850575,0.10596026490066225,87
macro avg,0.9559058772759446,0.9611255798914139,0.9584836638263567,5286,0.2142232964833584,0.23549442439668802,0.22019932070384216,588,0.2168034459718419,0.22140683953997206,0.21799760569801357,653
weighted avg,0.968706091991523,0.9685962920923193,0.9686297840332907,5286,0.3237885879416176,0.3231292517006803,0.32101041039718425,588,0.3310074195321316,0.32924961715160794,0.3291776247819303,653
0.0,0.9712643678160919,0.9740634005763689,0.9726618705035971,694,0.2727272727272727,0.38181818181818183,0.3181818181818182,55,0.22093023255813954,0.25333333333333335,0.23602484472049692,75
1.0,0.905982905982906,0.9380530973451328,0.9217391304347826,113,0.15384615384615385,0.125,0.13793103448275862,16,0.07142857142857142,0.06666666666666667,0.0689655172413793,15
2.0,0.9191919191919192,0.9503916449086162,0.9345314505776636,383,0.11363636363636363,0.07936507936507936,0.09345794392523364,63,0.2653061224489796,0.18055555555555555,0.21487603305785125,72
3.0,0.9671772428884027,0.966120218579235,0.9666484417714599,915,0.19607843137254902,0.20833333333333334,0.20202020202020202,96,0.23893805309734514,0.2872340425531915,0.2608695652173913,94
4.0,0.9795555555555555,0.9713530189510797,0.9754370435937154,2269,0.508,0.49224806201550386,0.5,258,0.4856115107913669,0.4753521126760563,0.48042704626334515,284
5.0,0.9575,0.9598997493734336,0.9586983729662077,399,0.17777777777777778,0.25806451612903225,0.21052631578947367,31,0.12244897959183673,0.12244897959183673,0.12244897959183673,49
6.0,0.9512670565302144,0.9512670565302144,0.9512670565302144,513,0.08771929824561403,0.07246376811594203,0.07936507936507937,69,0.0625,0.0625,0.0625,64
macro avg,0.9502770068521558,0.9587354551805828,0.9544261951968058,5286,0.21568361394367588,0.23104184868243896,0.22021177053779506,588,0.20959478141660562,0.20687009862523428,0.20658742658461438,653
weighted avg,0.9659677028924301,0.9657586076428302,0.9658305017760906,5286,0.31644881202798053,0.3197278911564626,0.3163115521745194,588,0.3171777685842484,0.31393568147013784,0.3141966933568883,653
0.0,0.9655172413793104,0.9739130434782609,0.9696969696969697,690,0.2727272727272727,0.375,0.3157894736842105,56,0.22093023255813954,0.25333333333333335,0.23602484472049692,75
1.0,0.9230769230769231,0.9557522123893806,0.9391304347826088,113,0.15384615384615385,0.14285714285714285,0.14814814814814817,14,0.07142857142857142,0.14285714285714285,0.09523809523809523,7
2.0,0.9343434343434344,0.9462915601023018,0.940279542566709,391,0.11363636363636363,0.10638297872340426,0.10989010989010989,47,0.22448979591836735,0.2037037037037037,0.21359223300970873,54
3.0,0.9660831509846827,0.9650273224043716,0.9655549480590486,915,0.17647058823529413,0.2,0.18750000000000003,90,0.23008849557522124,0.3058823529411765,0.2626262626262626,85
4.0,0.9764444444444444,0.9708351745470615,0.9736317305561711,2263,0.54,0.48214285714285715,0.5094339622641509,280,0.5539568345323741,0.49838187702265374,0.524701873935264,309
5.0,0.9575,0.9598997493734336,0.9586983729662077,399,0.15555555555555556,0.2413793103448276,0.18918918918918917,29,0.12244897959183673,0.12,0.12121212121212122,50
6.0,0.9668615984405458,0.9631067961165048,0.9649805447470816,515,0.08771929824561403,0.06944444444444445,0.07751937984496124,72,0.078125,0.0684931506849315,0.072992700729927,73
macro avg,0.9556895418099058,0.962117979773045,0.9588532204821139,5286,0.214279318892322,0.23102953335895376,0.21963860900296714,588,0.2144954156577872,0.22752165150613451,0.2180554473531251,653
weighted avg,0.9666059318602616,0.9665153234960272,0.966545396225092,5286,0.3412869660602965,0.3282312925170068,0.3324957670654949,588,0.354897357420278,0.33996937212863704,0.3457085684323857,653
0.0,0.9669540229885057,0.9725433526011561,0.9697406340057637,692,0.2597402597402597,0.4,0.31496062992125984,50,0.22093023255813954,0.2638888888888889,0.24050632911392406,72
1.0,0.9230769230769231,0.9310344827586207,0.927038626609442,116,0.15384615384615385,0.15384615384615385,0.15384615384615385,13,0.07142857142857142,0.14285714285714285,0.09523809523809523,7
2.0,0.9318181818181818,0.9510309278350515,0.9413265306122448,388,0.11363636363636363,0.10204081632653061,0.1075268817204301,49,0.24489795918367346,0.2222222222222222,0.23300970873786409,54
3.0,0.9649890590809628,0.9724366041896362,0.9686985172981877,907,0.18627450980392157,0.21839080459770116,0.20105820105820107,87,0.23008849557522124,0.32098765432098764,0.26804123711340205,81
4.0,0.9786666666666667,0.9730446310207689,0.9758475515178374,2263,0.584,0.4899328859060403,0.5328467153284672,298,0.6007194244604317,0.5060606060606061,0.549342105263158,330
5.0,0.965,0.9554455445544554,0.9601990049751244,404,0.15555555555555556,0.2916666666666667,0.2028985507246377,24,0.10204081632653061,0.11627906976744186,0.10869565217391304,43
6.0,0.9649122807017544,0.9593023255813954,0.9620991253644315,516,0.08771929824561403,0.07462686567164178,0.08064516129032258,67,0.0625,0.06060606060606061,0.06153846153846154,66
macro avg,0.9564881620475706,0.9592625526487263,0.9578499986261474,5286,0.22011030583255262,0.24721488471639064,0.2276831848413532,588,0.21894364279036685,0.23327166353190715,0.22233879845411683,653
weighted avg,0.9677406435160099,0.9676503972758229,0.9676783587341192,5286,0.37483606032980515,0.3469387755102041,0.3564116060954995,588,0.3905341498555599,0.35834609494640124,0.37104951467497443,653
0.0,0.9755747126436781,0.9797979797979798,0.9776817854571633,693,0.2857142857142857,0.3728813559322034,0.3235294117647059,59,0.22093023255813954,0.24675324675324675,0.2331288343558282,77
1.0,0.9316239316239316,0.9646017699115044,0.9478260869565217,113,0.15384615384615385,0.11764705882352941,0.13333333333333333,17,0.07142857142857142,0.125,0.09090909090909091,8
2.0,0.9494949494949495,0.9447236180904522,0.947103274559194,398,0.11363636363636363,0.10869565217391304,0.11111111111111112,46,0.22448979591836735,0.20754716981132076,0.21568627450980393,53
3.0,0.9638949671772429,0.9691969196919692,0.9665386725178278,909,0.19607843137254902,0.20618556701030927,0.20100502512562812,97,0.23893805309734514,0.2967032967032967,0.26470588235294124,91
4.0,0.9795555555555555,0.9717813051146384,0.9756529437804338,2268,0.532,0.48188405797101447,0.5057034220532319,276,0.5503597122302158,0.49038461538461536,0.5186440677966102,312
5.0,0.9525,0.9719387755102041,0.9621212121212122,392,0.15555555555555556,0.25925925925925924,0.19444444444444445,27,0.10204081632653061,0.10869565217391304,0.10526315789473685,46
6.0,0.9590643274853801,0.9590643274853801,0.9590643274853801,513,0.08771929824561403,0.07575757575757576,0.0813008130081301,66,0.0625,0.06060606060606061,0.06153846153846154,66
macro avg,0.9588154919972481,0.9658720993717326,0.9622840432682473,5286,0.2177928697672174,0.2317586467039721,0.22148965154865502,588,0.21009816879416712,0.2193842916332076,0.21283939562249612,653
weighted avg,0.9690575662502227,0.9689746500189179,0.9689937520595354,5286,0.3410559213046734,0.3299319727891156,0.3335943854665135,588,0.3549088610425497,0.33690658499234305,0.3444385814594908,653
0.0,0.9683908045977011,0.9683908045977011,0.9683908045977011,696,0.2857142857142857,0.38596491228070173,0.3283582089552239,57,0.22093023255813954,0.24675324675324675,0.2331288343558282,77
1.0,0.9230769230769231,0.9391304347826087,0.9310344827586208,115,0.15384615384615385,0.13333333333333333,0.14285714285714288,15,0.07142857142857142,0.125,0.09090909090909091,8
2.0,0.9343434343434344,0.9536082474226805,0.9438775510204083,388,0.11363636363636363,0.1111111111111111,0.11235955056179774,45,0.22448979591836735,0.20754716981132076,0.21568627450980393,53
3.0,0.9617067833698031,0.9606557377049181,0.961180973209404,915,0.20588235294117646,0.21649484536082475,0.21105527638190955,97,0.23893805309734514,0.2967032967032967,0.26470588235294124,91
4.0,0.9764444444444444,0.9708351745470615,0.9736317305561711,2263,0.528,0.4835164835164835,0.5047801147227533,273,0.5467625899280576,0.4935064935064935,0.5187713310580204,308
5.0,0.96,0.9624060150375939,0.9612015018773467,399,0.17777777777777778,0.25,0.20779220779220778,32,0.12244897959183673,0.12244897959183673,0.12244897959183673,49
6.0,0.9610136452241715,0.9666666666666667,0.9638318670576735,510,0.08771929824561403,0.07246376811594203,0.07936507936507937,69,0.078125,0.07462686567164178,0.07633587786259542,67
macro avg,0.9549965764366396,0.96024186867989,0.957592701582475,5286,0.22179660459448167,0.23612635053119949,0.22665251151944493,588,0.21473188893175968,0.22379800743397657,0.21742661009144526,653
weighted avg,0.9658515971064272,0.9657586076428302,0.9657919605555912,5286,0.339393115068322,0.33163265306122447,0.3338747093239521,588,0.3535400171390183,0.33843797856049007,0.34470731178939196,653
0.0,0.978448275862069,0.978448275862069,0.978448275862069,696,0.2857142857142857,0.3793103448275862,0.3259259259259259,58,0.22093023255813954,0.24675324675324675,0.2331288343558282,77
1.0,0.9401709401709402,0.9482758620689655,0.944206008583691,116,0.15384615384615385,0.1111111111111111,0.12903225806451615,18,0.07142857142857142,0.125,0.09090909090909091,8
2.0,0.9444444444444444,0.9639175257731959,0.9540816326530612,388,0.11363636363636363,0.1111111111111111,0.11235955056179774,45,0.22448979591836735,0.20754716981132076,0.21568627450980393,53
3.0,0.9660831509846827,0.9767699115044248,0.9713971397139713,904,0.20588235294117646,0.21,0.20792079207920788,100,0.23893805309734514,0.2903225806451613,0.2621359223300971,93
4.0,0.9831111111111112,0.9744493392070485,0.9787610619469027,2270,0.528,0.48175182481751827,0.5038167938931298,274,0.5431654676258992,0.49185667752442996,0.5162393162393162,307
5.0,0.96,0.96,0.96,400,0.15555555555555556,0.25925925925925924,0.19444444444444445,27,0.10204081632653061,0.10638297872340426,0.10416666666666667,47
6.0,0.9707602339181286,0.97265625,0.9717073170731707,512,0.08771929824561403,0.07575757575757576,0.0813008130081301,66,0.078125,0.07352941176470588,0.07575757575757576,68
macro avg,0.9632883080701966,0.9677881663451006,0.9655144908332665,5286,0.21862200141987848,0.23261446098345168,0.2221143682824503,588,0.2113025624221219,0.2201988664603241,0.21400338296691124,653
weighted avg,0.9728594218658212,0.9727582292849035,0.9727878058508247,5286,0.3396326610248705,0.3299319727891156,0.33288469135598786,588,0.3500190988187288,0.33537519142419603,0.34153296304549574,653
0.0,0.9770114942528736,0.9812409812409812,0.9791216702663788,693,0.2857142857142857,0.3728813559322034,0.3235294117647059,59,0.22093023255813954,0.24675324675324675,0.2331288343558282,77
1.0,0.9572649572649573,0.9739130434782609,0.9655172413793104,115,0.15384615384615385,0.1111111111111111,0.12903225806451615,18,0.07142857142857142,0.1,0.08333333333333333,10
2.0,0.9419191919191919,0.951530612244898,0.9467005076142132,392,0.11363636363636363,0.1111111111111111,0.11235955056179774,45,0.22448979591836735,0.20754716981132076,0.21568627450980393,53
3.0,0.9671772428884027,0.9703622392974753,0.9687671232876712,911,0.20588235294117646,0.21,0.20792079207920788,100,0.24778761061946902,0.29473684210526313,0.2692307692307692,95
4.0,0.98,0.9743703049049933,0.9771770440948372,2263,0.532,0.48363636363636364,0.5066666666666667,275,0.5359712230215827,0.4869281045751634,0.5102739726027397,306
5.0,0.965,0.965,0.965,400,0.15555555555555556,0.25925925925925924,0.19444444444444445,27,0.10204081632653061,0.1111111111111111,0.10638297872340426,45
6.0,0.9668615984405458,0.96875,0.9678048780487805,512,0.08771929824561403,0.078125,0.08264462809917356,64,0.078125,0.07462686567164178,0.07633587786259542,67
macro avg,0.9650334978237102,0.9693095973095155,0.9671554949558844,5286,0.21919342999130703,0.23230345729286409,0.22237110738293034,588,0.21153903569609442,0.2173861914325353,0.21348172008835342,653
weighted avg,0.9716720328240501,0.9716231555051078,0.9716396134885839,5286,0.3425889121970186,0.33163265306122447,0.33525793274517196,588,0.3476219016739413,0.333843797856049,0.3397214742426649,653
0.0,0.9770114942528736,0.9770114942528736,0.9770114942528736,696,0.2857142857142857,0.3793103448275862,0.3259259259259259,58,0.22093023255813954,0.24675324675324675,0.2331288343558282,77
1.0,0.9401709401709402,0.9734513274336283,0.9565217391304347,113,0.15384615384615385,0.10526315789473684,0.125,19,0.07142857142857142,0.09090909090909091,0.08,11
2.0,0.9368686868686869,0.9561855670103093,0.9464285714285714,388,0.11363636363636363,0.10869565217391304,0.11111111111111112,46,0.22448979591836735,0.20754716981132076,0.21568627450980393,53
3.0,0.9638949671772429,0.9734806629834254,0.9686641011544804,905,0.19607843137254902,0.2,0.198019801980198,100,0.24778761061946902,0.29473684210526313,0.2692307692307692,95
4.0,0.9844444444444445,0.9749119718309859,0.9796550199026979,2272,0.532,0.48363636363636364,0.5066666666666667,275,0.5359712230215827,0.4885245901639344,0.5111492281303602,305
5.0,0.975,0.972568578553616,0.9737827715355805,401,0.15555555555555556,0.25925925925925924,0.19444444444444445,27,0.12244897959183673,0.13043478260869565,0.12631578947368421,46
6.0,0.9649122807017544,0.9686888454011742,0.9667968750000001,511,0.08771929824561403,0.07936507936507936,0.08333333333333333,63,0.078125,0.07575757575757576,0.07692307692307693,66
macro avg,0.9631861162308489,0.9708997782094303,0.9669800817720912,5286,0.2177928697672174,0.23078997959384834,0.22064304049452563,588,0.2144544875911381,0.2192376140155896,0.21606199608907464,653
weighted avg,0.9729043256254533,0.9727582292849035,0.9728033585907165,5286,0.3407413897083449,0.3299319727891156,0.3333760686159319,588,0.3483847633507217,0.33537519142419603,0.340929831307525,653
